{
    "shoot.gun": {
      "sounds": [
        "suit/gun_shoot"
      ],
      "category": "player"
    },
    "reload.gun": {
      "sounds": [
        "suit/gun_reload"
      ],
      "category": "player"
    },
    "transform.fate": {
      "sounds": [
        "suit/fate_transform"
      ],
      "category": "player"
    },
    "shock.escrima": {
      "sounds": [
        "suit/escrima_shock_idle"
      ],
      "category": "player"
    },
    "blade.bone": {
      "sounds": [
        "suit/bone_blade"
      ],
      "category": "player"
    },
    "blade.bone.retract": {
      "sounds": [
        "suit/bone_blade_retract"
      ],
      "category": "player"
    },
    "shock.start.escrima": {
      "sounds": [
        "suit/escrima_shoc_start"
      ],
      "category": "player"
    },
    "holster.gun": {
      "sounds": [
        "suit/gun_holster"
      ],
      "category": "player"
    }
}