{
    "shoot.gun": {
        "sounds": [
            "suit/gun_shoot"
        ],
        "category": "player"
    },
    "reload.gun": {
        "sounds": [
            "suit/gun_reload"
        ],
        "category": "player"
    },
    "transform.fate": {
        "sounds": [
            "suit/fate_transform"
        ],
        "category": "player"
    },
    "shock.escrima": {
        "sounds": [
            "suit/escrima_shock_idle"
        ],
        "category": "player"
    },
    "blade.bone": {
        "sounds": [
            "suit/bone_blade"
        ],
        "category": "player"
    },
    "blade.bone.retract": {
        "sounds": [
            "suit/bone_blade_retract"
        ],
        "category": "player"
    },
    "shock.start.escrima": {
        "sounds": [
            "suit/escrima_shock_start"
        ],
        "category": "player"
    },
    "holster.gun": {
        "sounds": [
            "suit/gun_holster"
        ],
        "category": "player"
    },
    "punch.escrima": {
        "sounds": [
            "suit/escrima_punch"
        ],
        "category": "player"
    },
    "think.mark": {
        "sounds": [
            "suit/think_mark"
        ],
        "category": "player"
    },
    "vine.boom": {
        "sounds": [
            "suit/vine_boom"
        ],
        "category": "player"
    },
    "freeze.breath": {
        "sounds": [
            "suit/freeze_breath"
        ],
        "category": "player"
    },
    "hero.landing": {
        "sounds": [
            "suit/hero_landing"
        ],
        "category": "player"
    },
    "blade.x": {
        "sounds": [
            "suit/blade_x"
        ],
        "category": "player"
    },
    "blade.x.retract": {
        "sounds": [
            "suit/blade_x_retract"
        ],
        "category": "player"
    },
    "impact.x": {
        "sounds": [
            "suit/impact_x"
        ],
        "category": "player"
    },
    "sticky.x": {
        "sounds": [
            "suit/sticky_x"
        ],
        "category": "player"
    },
    "teleport.x": {
        "sounds": [
            "suit/teleport_x"
        ],
        "category": "player"
    },
    "heat.breath": {
        "sounds": [
            "suit/heat_breath"
        ],
        "category": "player"
    },
    "teleport.charge.x": {
        "sounds": [
            "suit/teleport_charge_x"
        ],
        "category": "player"
    },
    "teleport.prime.x": {
        "sounds": [
            "suit/teleport_prime_x"
        ],
        "category": "player"
    }

}